{
  "hash": "b0b04d85",
  "configHash": "ff722a95",
  "lockfileHash": "987c8122",
  "browserHash": "b38d67ee",
  "optimized": {
    "@angular/common": {
      "src": "../../../../../../node_modules/@angular/common/fesm2022/common.mjs",
      "file": "@angular_common.js",
      "fileHash": "ef9507ed",
      "needsInterop": false
    },
    "@angular/core": {
      "src": "../../../../../../node_modules/@angular/core/fesm2022/core.mjs",
      "file": "@angular_core.js",
      "fileHash": "0d4e4a26",
      "needsInterop": false
    },
    "@angular/material/expansion": {
      "src": "../../../../../../node_modules/@angular/material/fesm2022/expansion.mjs",
      "file": "@angular_material_expansion.js",
      "fileHash": "aeb4ade4",
      "needsInterop": false
    },
    "@angular/platform-browser": {
      "src": "../../../../../../node_modules/@angular/platform-browser/fesm2022/platform-browser.mjs",
      "file": "@angular_platform-browser.js",
      "fileHash": "9763e102",
      "needsInterop": false
    },
    "@angular/router": {
      "src": "../../../../../../node_modules/@angular/router/fesm2022/router.mjs",
      "file": "@angular_router.js",
      "fileHash": "4a7e8618",
      "needsInterop": false
    },
    "sentiment": {
      "src": "../../../../../../node_modules/sentiment/lib/index.js",
      "file": "sentiment.js",
      "fileHash": "f8af49e0",
      "needsInterop": true
    },
    "zone.js": {
      "src": "../../../../../../node_modules/zone.js/fesm2015/zone.js",
      "file": "zone__js.js",
      "fileHash": "00840d31",
      "needsInterop": true
    }
  },
  "chunks": {
    "chunk-U2DJQPPJ": {
      "file": "chunk-U2DJQPPJ.js"
    },
    "chunk-IEMMUNX5": {
      "file": "chunk-IEMMUNX5.js"
    },
    "chunk-2MUQ53KT": {
      "file": "chunk-2MUQ53KT.js"
    },
    "chunk-ITLV722J": {
      "file": "chunk-ITLV722J.js"
    }
  }
}